<?xml version="1.0" encoding="utf-8"?>
<resources>
    <string name="API_LanguageCode">2</string>
    <string name="BtnTitle_JoinWiFiStream">Join Wi-Fi Stream</string>
    <string name="BtnTitle_JoinInternetStream">Join Internet Stream</string>
    <string name="Label_WiFiNotAvailable">Wi-Fi Networks are not available</string>
    <string name="BtnTitle_Join">Join</string>
    <string name="Label_ConnectedToInternet">Connected to Internet</string>
    <string name="BtnTitle_Login">Login</string>
    <string name="BtnTitle_MemebersArea">Members Area</string>
    <string name="Label_Username">Username</string>
    <string name="Label_Password">Password</string>
    <string name="Label_Remember">Remember</string>
    <string name="BtnTitle_StartWiFiStream">Start Wi-Fi Stream</string>
    <string name="Label_StreamName">Streaming name</string>
    <string name="BtnTitle_Start">Start</string>
    <string name="BtnTitle_ManageInternetStreams">Manage internet streams</string>
    <string name="BtnTitle_ScheduleNewStream">Schedule a new stream</string>
    <string name="Label_WaitingForListeners">Waiting for listeners</string>
    <string name="Label_NumberOfListeners">Number of listeners</string>
    <string name="Label_Messages">Messages</string>
    <string name="Label_SubAccounts">Sub Accounts</string>
    <string name="BtnTitle_ManageSubAccounts">Manage Sub-Accounts</string>
    <string name="BtnTitle_Logout">Logout</string>
    <string name="BtnTitle_CreateSubAccount">Create a new Sub-Account</string>
    <string name="AlertTitle_StopStream">Stop the streaming</string>
    <string name="AlertDesc_StopStream">All the messages received will be lost forever</string>
    <string name="BtnTitle_Cancel">Cancel</string>
    <string name="BtnTitle_OK">OK</string>
    <string name="AlertTitle_CreateSubAccount">Create a sub-account</string>
    <string name="Label_SubAccountName">Name</string>
    <string name="BtnTitle_Submit">Submit</string>
    <string name="Label_AccountExpiry">Expires in %d hours</string>
    <string name="Title_ShareSheet">Share VoxConnect account</string>
    <string name="Label_Checking">Checking</string>
    <string name="Label_Connecting">Connecting</string>
    <string name="AlertTitle_CloseStream">Close Stream</string>
    <string name="AlertDesc_CloseStream">Do you want to close the stream?</string>
    <string name="Label_NetworkNotAvailable">Internet connection not available</string>
    <string name="Label_StartingStream">Starting stream...</string>
    <string name="Label_PleaseAttachEarphones">Please attach earphones!</string>
    <string name="Label_ServiceMsgConnecting">Connecting to %s</string>
    <string name="Label_ServiceMsgStreaming">Streaming to %s</string>
    <string name="Label_ServiceMsgListening">Listening to %s</string>
    <string name="BtnTitle_ServiceClose">Close</string>
    <string name="Label_ServiceMsgOnPhoneCall">You are on a phone call</string>
    <string name="Label_WaitingPresenter">Waiting for the presenter</string>
    <string name="Label_UnknownState">Unknown state</string>
    <string name="Label_YourName">your name</string>
    <string name="Label_YourMessage">your message</string>
    <string name="BtnTitle_SendMessage">SEND MESSAGE</string>
    <string name="Label_MessageSent">The message was sent!</string>
    <string name="Label_AskQuestion">Ask a question to the presenter</string>
    <string name="Label_Stream">STREAM</string>
    <string name="Label_Account">ACCOUNT</string>
    <string name="BtnTitle_PrivacyPolicy">Privacy</string>
    <string name="BtnTitle_TermsConditions">Terms of use</string>
    <string name="BtnTitle_CreateLocalStream">Wi-Fi stream</string>
    <string name="BtnTitle_CreateRemoteStream">Internet streams</string>
    <string name="Label_CreateLocalStreamError">Stream name is empty</string>
    <string name="AlertTitle_Logout">Vox Connect</string>
    <string name="AlertDesc_Logout">Are you sure you want to logout?</string>
    <string name="AlertTitle_Upgrade">You should update the app to be able to continue using it</string>
    <string name="BtnTitle_Upgrade">Upgrade</string>
    <string name="BtnTitle_Close">Close</string>
    <string name="Label_ScanQrCode">Scan QR Code to login</string>
    <string name="Label_ShareMessage">VoxConnect Account</string>
    <string name="AlertTitle_DeleteSubAccount">Delete sub-account</string>
    <string name="AlertDesc_DeleteSubAccount">Do you want to delete this sub-account?</string>
    <string name="AlertTitle_CreateRoom">Do you want to create a new Room?</string>
    <string name="AlertTitle_DeleteRoom">Do you want to delete this Room?</string>
    <string name="AlertTitle_CantSendFile">Can\\'t send the file</string>
    <string name="AlertTitle_NewFile">A new file was received</string>
    <string name="AlertDesc_NewFile">Do you want to open the file?</string>
    <string name="BtnTitle_Open">Open</string>
    <string name="AlertTitle_Share">Share:</string>
    <string name="BtnTitle_Camera">Camera</string>
    <string name="BtnTitle_Gallery">Gallery</string>
    <string name="BtnTitle_FileSystem">From Files</string>
    <string name="AlertTitle_FileSent">The file was sent</string>
    <string name="AlertTitle_FileNotSent">The file was not sent</string>
    <string name="AlertTitle_HandshakeLogout">Logout</string>
    <string name="AlertDesc_CantLogin">Can\\'t login</string>
    <string name="AlertDesc_WrongCred">Wrong credentials</string>
    <string name="AlertDesc_AlreadyAuthorized">The User has already been authorized</string>
    <string name="AlertDesc_AccountExpired">The Account has expired</string>
    <string name="AlertDesc_ToSoon">Please, check the starting date</string>
    <string name="Label_AccountExpired">Expired</string>
    <string name="Label_AccountExpiryHour">Expires in less than 1 hour</string>
    <string name="Label_AccountExpiryDays">Expires in %d days</string>
    <string name="Label_AccountExpiryDaysHours">Expires in %d days, %d hours</string>
    <string name="Label_AvailableStreaming">Available Streaming</string>
    <string name="Label_NoStreamAvailable">There are no available streaming</string>
    <string name="Alert_ButtonKeepIt">No, keep it</string>
    <string name="Alert_ButtonStopIt">Yes, stop it</string>
    <string name="Label_WaitingForStream">Waiting for Stream...</string>
    <string name="Label_EmptyMessageList">No more message to show</string>
    <string name="BtnTitle_Delete">Delete</string>
    <string name="AlertTitle_FileTooLarge">The file is too large</string>
    <string name="AlertTitle_LimitTitle">Can\\'t connect</string>
    <string name="AlertDesc_LimitMessage">Connections limit exceeded</string>
    <string name="BtnTitle_StopStreaming">Stop streaming</string>
    <string name="Label_ConnectedTo">Connected to %s</string>
    <string name="Label_ConnectionStatus">Click start to connect steaming...</string>
    <string name="AlertTitle_CantConnectBox">Can\'t Connect</string>
    <string name="AlertDesc_CantConnectBox">You aren\'t allowed to connect to this box</string>
    <string name="AlertDesc_SomethingWrong">Something went wrong</string>
    <string name="Label_ConnectedWith">You are connected to %s</string>
    <string name="Label_SearchingVoxBox">Searching for VoxBox...</string>
    <string name="Label_VoxBoxConnecting">Connecting to VoxBox %s</string>
    <string name="AlertTitle_InValidPasscode">Invalid passcode</string>
    <string name="AlertDesc_InValidPasscode">Please enter a valid passcode and try again.</string>
    <string name="AlertDesc_CantConnectSSID">Could not connect to %s due to internal error.</string>
    <string name="AlertDesc_VoxBoxNotFound">VoxBox not found</string>
    <string name="Search_PlaceholderText">Start typing VoxBox name...</string>
    <string name="AlertTitle_Whatsapp">Whatsapp</string>
    <string name="AlertDesc_Whatsapp">Please install Whatsapp to use this feature</string>
    <string name="Alert_ActionTitle_Install">Install</string>
    <string name="Label_WhatsApp">WhatsApp</string>
    <string name="Label_Email">Email</string>
    <string name="Label_DifferentVoxBox">Do you want to connect to a different box?</string>
    <string name="BtnTitle_ListenStream">Listen Stream</string>
    <string name="Button_Stop_Streaming">Stop streaming</string>
    <string name="Label_Connected_To">Connected to</string>
    <string name="Label_Connection_Status">Click start to connect to the streaming...</string>
    <string name="AlertTitle_CantConnectBox">Can\'t Connect</string>
    <string name="Label_ConnectingToBox">Connecting...</string>
    <string name="AlertDesc_CantConnectBox">You aren\'t allowed to connect to this box</string>
    <string name="AlertDesc_SomethingWrong">Something wen\'t wrong</string>
    <string name="AlertDesc_LimitExceeded">Connection limit exceeded</string>
    <string name="Label_Connected_With">You are connected to</string>
    <string name="Label_Searching_VoxBox">Searching for VoxBox...</string>
    <string name="Label_VoxBox_Connecting">Connecting to VoxBox</string>
    <string name="AlertTitle_InValid_Passcode">Invalid passcode</string>
    <string name="AlertDesc_InValid_Passcode">Please enter a valid passcode and try again.</string>
    <string name="AlertDesc_CantConnectSSID">Could not connect to %s due to internal error.</string>
    <string name="AlertDesc_VoxBox_Not_Found">VoxBox not found</string>
    <string name="Search_Placeholder_Text">Start typing VoxBox name</string>
    <string name="AlertTitle_Whatsapp">Whatsapp</string>
    <string name="AlertDesc_Whatsapp">Please install Whatsapp to use this feature</string>
    <string name="Alert_ActionTitle_Install">Install</string>
    <string name="AlertTitle_GpsSensors">In order to scan for the VoxBox networks around you, you should turn on the GPS sensor on the device</string>
    <string name="AlertTitle_JoinNetwork">Confirm that you want to join %s network</string>
    <string name="Label_EnableWiFi">Click here to turn on WiFi</string>
</resources>
