<?xml version="1.0" encoding="utf-8"?>
<resources>
    <string name="LanguageCode_API">2</string>
    <string name="ScreenTitle_MyAccounts">MY ACCOUNTS</string>
    <string name="BtnTitle_Skip">Skip</string>
    <string name="BtnTitle_Allow">Allow</string>
    <string name="BtnTitle_Cancel">Cancel</string>
    <string name="BtnTitle_Continue">Continue</string>
    <string name="BtnTitle_Yes">Yes</string>
    <string name="BtnTitle_No">No</string>
    <string name="BtnTitle_OK">OK</string>
    <string name="BtnTitle_Download">DOWNLOAD</string>
    <string name="Label_Username">Username</string>
    <string name="Label_Password">Password</string>
    <string name="AlertDesc_PlaceholderAlert">Some Error Occurred</string>
    <string name="AlertTitle_Attention">Attention!</string>
    <string name="AlertDesc_LocationServiceError">Location service is required for calculating your current position.\nPlease enable it from the App\'s settings</string>
    <string name="AlertDesc_AccountSwitch">You are now switching to another account.</string>
    <string name="AlertTitle_NetworkError">Network Error!</string>
    <string name="AlertDesc_NetworkError">Active Internet Connection was not found.\nPlease try again later</string>
    <string name="AlertDesc_MandatoryAppUpdate">You should update the app to be able to continue using it</string>
    <string name="AlertDesc_OutOfCityLimits">Your current location is out of the City Limits\nRoute calculation and Navigation wont be possible</string>
    <string name="AlertDesc_EmptyCredentials">Please enter the username and password</string>
    <string name="AlertTitle_AuthenticationError">Authentication Error</string>
    <string name="AlertDesc_AuthenticationError">Please check the Credentials and try again</string>
    <string name="AlertTitle_PackageDelete">Delete?</string>
    <string name="AlertDesc_PackageDelete">Are you sure you want to delete the contents of this Tour?\nThe Tour entry will continue to be displayed in this list and you would be able to redownload the contents in the future.</string>
    <string name="AlertDesc_CameraPermissionRequired">Camera permission is required for the QR code scanner. Please enable it from the App\'s settings</string>
    <string name="AlertTitle_GpsNotEnabled">GPS not enabled</string>
    <string name="AlertDesc_GpsNotEnabled">Please enable GPS for Route calcuation and Navigation</string>
    <string name="Toast_DestinationReached">Destination reached</string>
    <string name="Label_Or">OR</string>
    <string name="BtnTitle_Retry">Retry</string>
    <string name="BtnTitle_Settings">Settings</string>
    <string name="Label_MarketPlaceInternetError">To use Market Place an active Internet connection is required.\nPlease check your connection\nand tap the button below to retry</string>
    <string name="Label_TermsAndConditionsTitle">Terms &amp; Conditions</string>
    <string name="ToolTip_AutoPlay_ON">Auto Play mode is ON.\n Tracks will play automatically when you are in the proximity of a POI.\nTap on the button to switch it off.</string>
    <string name="ToolTip_AutoPlay_OFF">Auto Play mode is OFF.\n Tap the button to switch it ON, if you want the tracks to play automatically when you are in the proximity of a POI.</string>
    <string name="Error_transport_map_unsupported_format">Unable to show transport map: unsupported format</string>
    <string name="Label_Unit_Km">Km</string>
    <string name="Label_Unit_Miles">Mi</string>
    <string name="Label_TapQRCode">Tap to scan QR code</string>
    <string name="AlertDesc_BarcodeDecodingError">Error: unable to decode scanned barcode. Please insert credentials manually.</string>
    <string name="BtnTitle_Enter">ENTER</string>
    <string name="ScreenTitle_Home">My maps</string>
    <string name="Label_ChooseLanguage">Choose the language of the map</string>
    <string name="TabTitle_My_Accounts">Accounts</string>
    <string name="TabTitle_My_Purchases">Purchases</string>
    <string name="BtnTitle_LoginNewAccount">LOGIN TO A NEW ACCOUNT</string>
    <string name="AlertTitle_ConfirmAccountDelete">Delete account</string>
    <string name="AlertDesc_ConfirmAccountDelete">Do you really want to delete this account?\nAll the related Audioguides will also be removed!</string>
    <string name="AlertTitle_ConfirmCustomPointDelete">Delete custom point</string>
    <string name="AlertDesc_ConfirmCustomPointDelete">Do you really want to delete your custom point %s?</string>
    <string name="Label_UserSettings_Distance_Title">Distance</string>
    <string name="Label_UserSettings_Distance_Description">Select how %s measures the distances on the maps.</string>
    <string name="Label_UserSettings_Autoplay_Title">Autoplay</string>
    <string name="Label_UserSettings_Autoplay_Description">Set if you want the autoplay function as default while using the app</string>
    <string name="Label_UserSettings_Tutorial_Title">Tutorial</string>
    <string name="Label_UserSettings_Tutorial_Description">Set if you want the tutorial shown at the next startup</string>
    <string name="Label_UserSettings_Privacy_Title">Privacy Notice</string>
    <string name="Label_UserSettings_Privacy_Description">Read the %s Service Privacy Notice</string>
    <string name="Label_UserSettings_Terms_Title">Terms &amp;amp; Conditions</string>
    <string name="Label_UserSettings_Terms_Description">Read the %s Service Terms and Conditions</string>
    <string name="Label_Distance_Miles">Miles</string>
    <string name="BtnTitle_DriveMeHere">Take me here</string>
    <string name="Label_Details">Details</string>
    <string name="Search_Hint">Filter points and flags...</string>
    <string name="SearchPoints_Hint">Filter points...</string>
    <string name="SearchFlags_Hint">Filter flags...</string>
    <string name="UserPoiName_Hint">Add custom point name...</string>
    <string name="UserPoiDescription_Hint">Add custom point description...\n(optional)</string>
    <string name="AlertTitle_AddCustomPoint">Add custom point</string>
    <string name="AlertTitle_EditCustomPoint">Edit custom point</string>
    <string name="AlertTitle_DeleteCustomPoint">Delete custom point</string>
    <string name="Label_PopMapOverflowMenu_Marketplace">Buy new experiences</string>
    <string name="Label_PopMapOverflowMenu_TransportMap">Transport map</string>
    <string name="Label_PopMapOverflowMenu_TravelDocuments">Travel documents</string>
    <string name="Label_PopMapOverflowMenu_OperatorInfo">Operator details</string>
    <string name="Label_PopMapList_Pois">Points of interest</string>
    <string name="Label_PopMapList_FlagPoints">Star points</string>
    <string name="Label_PopMapList_CustomPoints">Custom points</string>
    <string name="Label_PopMapList_HomePoint">Home</string>
    <string name="Label_OutdoorMap_MyPosition">My position</string>
    <string name="Alert_OutdoorMap_RouteCalculationFailed">Route calculation failed.</string>
    <string name="Alert_OutdoorMap_CurrentPositionUnavailable">Current position unavailable.</string>
    <string name="AlertDesc_NavigationAbort">Navigation is in progress. Do you really want to stop it and exit?</string>
    <string name="Label_Terms_Intro">%s is created by Vox which respects your right to be informed on the use of the data of our services. You hereby accept and acknowledge:</string>
    <string name="Label_Terms_Checkbox">%s Service Terms and Conditions</string>
    <string name="Label_Privacy_Checkbox">%s Service Privacy Notice</string>
    <string name="Label_Read">Read</string>
    <string name="BtnTitle_Decline">DECLINE</string>
    <string name="BtnTitle_Accept">ACCEPT</string>
    <string name="BtnTitle_Dismiss">Dismiss</string>
    <string name="Label_PopMapTutorial_Pois">Click here to see all the city\'s points of interest on the map, and to receive information on how to reach them.</string>
    <string name="Label_PopMapTutorial_FlagPoints">Click here to see all the Star Points on the map, and to receive information on how to reach them.</string>
    <string name="Label_PopMapTutorial_Path">Click on these arrows to switch from one of our suggested routes to another.</string>
    <string name="Label_PopMapTutorial_MapList">Click here to see the full list of the city\'s points of interest and star points.</string>
    <string name="Label_PopMapTutorial_Autoplay">Click here to activate the auto-play mode. When you are in the near vicinity of a point of interest the audio commentary will be triggered to start automatically. Click again to deactivate this mode.</string>
    <string name="Label_PopMapTutorial_Overflow">Click here for further tips and features.</string>
    <string name="Label_PopMapTutorial_Camera">Click here to snap your timeless memories!</string>
    <string name="BtnTitle_Save">Save</string>
    <string name="AlertDesc_ShowTutorialNextLaunch">Show the Tutorial at the next launch?</string>
    <string name="Label_LanguageAlert">If you want to change language, please delete the map from the account area and download it again</string>
    <string name="AlertTitle_BonVoyage">HAVE A GOOD JOURNEY!</string>
    <string name="AlertDesc_BonVoyage">Your customized Tour Guides from\n%s\n are now available for you to explore!</string>
    <string name="AlertDesc_LocationPermission">To continue, let %s turn on location service so the map works offline without incurring roaming charges</string>
    <string name="AlertTitle_OutOfCityLimits">Out of City Limits</string>
    <string name="AlertTitle_ConfirmLogout">Logout?</string>
    <string name="AlertDesc_ConfirmLogout">Do you really want to logout from this account?\nAll the related Audioguides would also be removed!</string>
    <string name="AlertTitle_PackageUpdate">Update Available</string>
    <string name="AlertDesc_PackageUpdate">An update for this Audioguide is available for download.\nDo you want to download it now?</string>
    <string name="AlertDesc_PopMapDownloadSize">The total download size for %s is \n %sMB \n Do you want to continue downloading?</string>
    <string name="BtnTitle_Go">Go</string>
    <string name="BtnTitle_Quit">Quit</string>
    <string name="BtnTitle_Update">Update</string>
    <string name="AlertTitle_MandatoryAppUpdate">App Update Required</string>
    <string name="UserPoiName_Hint">Add custom point name...</string>
    <string name="UserPoiDescription_Hint">Add custom point description...\n(optional)</string>
    <string name="Toast_Login_QR_Code_Invalid">Scanned QR code is invalid</string>
    <string name="Alert_Title_Attention">Attention</string>
    <string name="Label_AccountPopMap_Calculating">Calculating...</string>
    <string name="Error_Network_Unknown">Unknown Error</string>
    <string name="Error_Network_Failed_download">Unknown error. Failed to download Maps</string>
    <string name="Label_UserSettings_TensorFlow_Title">Camera object recognition</string>
    <string name="Label_UserSettings_TensorFlow_Description">Set if the camera must be enabled as default while using app</string>
    <string name="Label_CameraTF_Dialog_AddPersonalPoint">Add Personal Point</string>
    <string name="Label_CameraTF_Dialog_Title_AddExistingPersonalPoint">Add to an existing Personal Point</string>
    <string name="Label_CameraTF_Dialog_Share">Share</string>
    <string name="Label_CameraTF_Dialog_Title_PersonalPoint">Personal Point</string>
    <string name="Label_CameraTF_Dialog_Discard">Discard</string>
    <string name="Label_CameraTF_Dialog_Save">Save</string>
    <string name="Label_CameraTF_Dialog_Type_Name">type the name...</string>
    <string name="Label_CameraTF_Title_Recognizing">Recognizing works of art...</string>
</resources>
